year,track_artist,track_popularity,rank,year_avg_popularity
1957,Little Richard,1.0,2,30.0
1957,Ray Charles,59.0,1,30.0
1958,Elvis Presley,73.0,1,73.0
1960,Ella Fitzgerald,11.0,3,14.666666666666666
1960,Etta James,20.0,1,14.666666666666666
1960,Sam Cooke,13.0,2,14.666666666666666
1961,Chavela Vargas,47.0,1,47.0
1962,Booker T. & the M.G.'s,64.0,1,64.0
1963,Bob Dylan,59.0,3,43.6
1963,Charles Brown,0.0,5,43.6
1963,Darlene Love,73.0,1,43.6
1963,The Beatles,71.0,2,43.6
1963,The Surfaris,15.0,4,43.6
1964,Aretha Franklin,45.0,3,56.75
1964,Simon & Garfunkel,74.0,1,56.75
1964,The Beatles,65.0,2,56.75
1964,The Kinks,43.0,4,56.75
1965,Beny Moré,40.0,5,44.0
1965,Bob Dylan,71.0,3,44.0
1965,The Beatles,73.0,2,44.0
1965,The Byrds,42.0,4,44.0
1965,The Impressions,11.0,9,44.0
1965,The Kinks,36.0,6,44.0
1965,The Rolling Stones,76.0,1,44.0
1965,The Temptations,26.0,7,44.0
1965,The Who,21.0,8,44.0
1966,Bob Dylan,61.0,4,50.96969696969697
1966,Buffalo Springfield,73.0,1,50.96969696969697
1966,Donovan,59.0,6,50.96969696969697
1966,John Lee Hooker,2.0,10,50.96969696969697
1966,Percy Sledge,66.0,3,50.96969696969697
1966,The Animals,60.0,5,50.96969696969697
1966,The Beach Boys,71.0,2,50.96969696969697
1966,The Rolling Stones,38.666666666666664,8,50.96969696969697
1966,The Supremes,13.0,9,50.96969696969697
1966,The Who,56.0,7,50.96969696969697
1966,Wilson Pickett,61.0,4,50.96969696969697
1967,Aretha Franklin,54.0,8,60.67179487179487
1967,Bobbie Gentry,54.0,8,60.67179487179487
1967,Buffalo Springfield,43.0,9,60.67179487179487
1967,Frankie Valli,65.0,5,60.67179487179487
1967,Jackie Wilson,67.0,3,60.67179487179487
1967,Jefferson Airplane,69.0,2,60.67179487179487
1967,Jimi Hendrix,62.333333333333336,6,60.67179487179487
1967,Stevie Wonder,59.0,7,60.67179487179487
1967,The Beatles,66.0,4,60.67179487179487
1967,The Doors,42.4,10,60.67179487179487
1967,The Kinks,66.0,4,60.67179487179487
1967,The Moody Blues,67.0,3,60.67179487179487
1967,The Turtles,74.0,1,60.67179487179487
1968,Big Brother & The Holding Company,67.0,3,57.78205128205128
1968,Clarence Carter,50.5,8,57.78205128205128
1968,Cream,18.0,10,57.78205128205128
1968,Deep Purple,62.0,5,57.78205128205128
1968,Jimi Hendrix,76.0,1,57.78205128205128
1968,Pink Floyd,49.0,9,57.78205128205128
1968,Simon & Garfunkel,54.0,6,57.78205128205128
1968,Steppenwolf,64.66666666666667,4,57.78205128205128
1968,The Beatles,62.0,5,57.78205128205128
1968,The Doors,62.0,5,57.78205128205128
1968,The Foundations,72.0,2,57.78205128205128
1968,Traffic,52.0,7,57.78205128205128
1968,Van Morrison,62.0,5,57.78205128205128
1969,Dusty Springfield,71.0,2,64.51666666666667
1969,Led Zeppelin,63.666666666666664,5,64.51666666666667
1969,Marlena Shaw,62.0,7,64.51666666666667
1969,Santana,62.5,6,64.51666666666667
1969,The Band,61.5,8,64.51666666666667
1969,The Beatles,75.0,1,64.51666666666667
1969,The Doors,67.0,3,64.51666666666667
1969,The Isley Brothers,59.0,9,64.51666666666667
1969,The Stooges,57.5,10,64.51666666666667
1969,The Velvet Underground,66.0,4,64.51666666666667
1970,Bread,64.0,6,64.38461538461539
1970,Charles Wright & The Watts 103rd Street Rhythm Band,59.0,9,64.38461538461539
1970,"Crosby, Stills, Nash & Young",58.0,10,64.38461538461539
1970,"Emerson, Lake & Palmer",59.0,9,64.38461538461539
1970,Grateful Dead,64.0,6,64.38461538461539
1970,Joni Mitchell,69.0,3,64.38461538461539
1970,Led Zeppelin,67.5,5,64.38461538461539
1970,Mountain,68.0,4,64.38461538461539
1970,The Beatles,71.0,2,64.38461538461539
1970,The Delfonics,59.0,9,64.38461538461539
1970,The Doors,72.0,1,64.38461538461539
1970,The Velvet Underground,63.5,7,64.38461538461539
1970,Three Dog Night,63.0,8,64.38461538461539
1971,Alice Cooper,55.0,9,66.32142857142858
1971,Bill Withers,76.0,2,66.32142857142858
1971,David Bowie,66.0,5,66.32142857142858
1971,Don McLean,73.0,4,66.32142857142858
1971,Elton John,79.0,1,66.32142857142858
1971,Jethro Tull,62.5,7,66.32142857142858
1971,Led Zeppelin,54.714285714285715,10,66.32142857142858
1971,Ten Years After,60.0,8,66.32142857142858
1971,The Doors,74.0,3,66.32142857142858
1971,The Hollies,63.0,6,66.32142857142858
1972,Albert Hammond,62.0,9,67.32142857142857
1972,Alice Cooper,65.0,7,67.32142857142857
1972,Bill Withers,63.0,8,67.32142857142857
1972,Bread,61.0,10,67.32142857142857
1972,Carly Simon,75.0,1,67.32142857142857
1972,Chicago,61.0,10,67.32142857142857
1972,Deep Purple,66.5,5,67.32142857142857
1972,Eagles,75.0,1,67.32142857142857
1972,Elton John,69.0,4,67.32142857142857
1972,Jackson Browne,66.0,6,67.32142857142857
1972,Looking Glass,72.0,2,67.32142857142857
1972,Mott The Hoople,62.0,9,67.32142857142857
1972,Steely Dan,70.0,3,67.32142857142857
1972,The Doobie Brothers,75.0,1,67.32142857142857
1973,Aerosmith,61.5,10,67.77272727272727
1973,Blue Swede,75.0,1,67.77272727272727
1973,Bob Dylan,73.0,3,67.77272727272727
1973,Daryl Hall & John Oates,62.0,9,67.77272727272727
1973,David Bowie,64.0,8,67.77272727272727
1973,Led Zeppelin,65.0,7,67.77272727272727
1973,Marvin Gaye,62.0,9,67.77272727272727
1973,The Beatles,68.0,6,67.77272727272727
1973,The Doobie Brothers,69.0,5,67.77272727272727
1973,The Rolling Stones,72.0,4,67.77272727272727
1973,ZZ Top,74.0,2,67.77272727272727
1974,Ace,56.0,8,59.8
1974,America,57.0,7,59.8
1974,Bachman-Turner Overdrive,68.0,2,59.8
1974,"Bobby ""Blue"" Bland",58.0,6,59.8
1974,Dolly Parton,74.0,1,59.8
1974,Eagles,58.0,6,59.8
1974,Elton John,59.0,5,59.8
1974,Gordon Lightfoot,63.0,3,59.8
1974,Harry Chapin,55.0,9,59.8
1974,Johnny Pacheco,60.0,4,59.8
1974,Linda Ronstadt,59.0,5,59.8
1974,Lynyrd Skynyrd,54.0,10,59.8
1974,Steely Dan,60.0,4,59.8
1974,Sweet,60.0,4,59.8
1974,The Meters,56.0,8,59.8
1975,10cc,70.0,3,67.1
1975,Aerosmith,65.66666666666667,6,67.1
1975,America,66.0,5,67.1
1975,Bob Marley & The Wailers,70.0,3,67.1
1975,Bruce Springsteen,73.0,1,67.1
1975,Daryl Hall & John Oates,65.0,7,67.1
1975,Eagles,68.0,4,67.1
1975,Frankie Valli & The Four Seasons,70.0,3,67.1
1975,Hot Chocolate,71.0,2,67.1
1975,James Taylor,64.0,9,67.1
1975,John Lennon,65.0,7,67.1
1975,Led Zeppelin,62.333333333333336,10,67.1
1975,Paul Simon,64.5,8,67.1
1975,Peter Frampton,66.0,5,67.1
1975,Rod Stewart,66.0,5,67.1
1976,ABBA,72.0,2,68.46153846153847
1976,AC/DC,70.0,4,68.46153846153847
1976,Boney M.,64.0,9,68.46153846153847
1976,Chicago,74.0,1,68.46153846153847
1976,Daryl Hall & John Oates,70.0,4,68.46153846153847
1976,England Dan,61.0,10,68.46153846153847
1976,Kansas,74.0,1,68.46153846153847
1976,Ramones,71.0,3,68.46153846153847
1976,Silver,66.0,7,68.46153846153847
1976,The Bellamy Brothers,68.0,5,68.46153846153847
1976,The Runaways,65.0,8,68.46153846153847
1976,Tom Petty and the Heartbreakers,68.0,5,68.46153846153847
1976,Wild Cherry,67.0,6,68.46153846153847
1977,Billy Joel,63.6,6,66.00833333333334
1977,Commodores,64.0,5,66.00833333333334
1977,Dan Hill,61.0,9,66.00833333333334
1977,Eric Clapton,69.0,4,66.00833333333334
1977,James Taylor,60.0,10,66.00833333333334
1977,Kansas,77.0,1,66.00833333333334
1977,Peter Gabriel,63.5,7,66.00833333333334
1977,Rush,62.0,8,66.00833333333334
1977,Sex Pistols,62.0,8,66.00833333333334
1977,Styx,64.0,5,66.00833333333334
1977,Supertramp,74.0,2,66.00833333333334
1977,Talking Heads,72.0,3,66.00833333333334
1978,Dr. Hook,63.0,7,64.92307692307692
1978,Frankie Valli,63.0,7,64.92307692307692
1978,Gerry Rafferty,67.0,3,64.92307692307692
1978,Jackson Browne,64.0,6,64.92307692307692
1978,Kate Bush,68.0,2,64.92307692307692
1978,Little River Band,62.0,8,64.92307692307692
1978,Patti Smith,65.0,4,64.92307692307692
1978,Ramones,64.5,5,64.92307692307692
1978,"Ray Parker, Jr.",64.0,6,64.92307692307692
1978,TOTO,75.0,1,64.92307692307692
1978,The Doobie Brothers,68.0,2,64.92307692307692
1978,The Jacksons,59.5,10,64.92307692307692
1978,Village People,61.0,9,64.92307692307692
1979,AC/DC,83.0,1,68.45454545454545
1979,Christopher Cross,64.0,7,68.45454545454545
1979,Joy Division,63.5,8,68.45454545454545
1979,Norman Greenbaum,68.0,5,68.45454545454545
1979,Rupert Holmes,71.0,3,68.45454545454545
1979,Sister Sledge,71.0,3,68.45454545454545
1979,Status Quo,62.0,9,68.45454545454545
1979,The Clash,68.5,4,68.45454545454545
1979,The Cure,67.5,6,68.45454545454545
1979,The Knack,73.0,2,68.45454545454545
1979,Tom Petty and the Heartbreakers,61.5,10,68.45454545454545
1980,AC/DC,75.0,2,68.77272727272727
1980,Billy Joel,66.0,8,68.77272727272727
1980,Daryl Hall & John Oates,69.0,4,68.77272727272727
1980,Diana Ross,65.5,9,68.77272727272727
1980,Journey,71.0,3,68.77272727272727
1980,Judas Priest,66.0,8,68.77272727272727
1980,Ozzy Osbourne,77.0,1,68.77272727272727
1980,Pat Benatar,68.0,5,68.77272727272727
1980,Pretenders,65.0,10,68.77272727272727
1980,REO Speedwagon,67.5,6,68.77272727272727
1980,The Buggles,66.5,7,68.77272727272727
1981,Blondie,70.0,4,68.86904761904762
1981,Foreigner,64.66666666666667,8,68.86904761904762
1981,Joan Jett & The Blackhearts,67.5,6,68.86904761904762
1981,Journey,69.0,5,68.86904761904762
1981,Loverboy,66.0,7,68.86904761904762
1981,Luther Vandross,69.0,5,68.86904761904762
1981,Men At Work,63.0,10,68.86904761904762
1981,Mötley Crüe,64.0,9,68.86904761904762
1981,Phil Collins,76.0,1,68.86904761904762
1981,Rick James,64.0,9,68.86904761904762
1981,Rick Springfield,70.0,4,68.86904761904762
1981,The Human League,74.0,2,68.86904761904762
1981,The J. Geils Band,71.0,3,68.86904761904762
1981,The Rolling Stones,76.0,1,68.86904761904762
1982,38 Special,63.0,8,65.6078431372549
1982,ABC,60.0,9,65.6078431372549
1982,Culture Club,63.0,8,65.6078431372549
1982,George Strait,66.0,5,65.6078431372549
1982,George Thorogood & The Destroyers,67.0,4,65.6078431372549
1982,John Mellencamp,71.0,3,65.6078431372549
1982,Judas Priest,64.0,7,65.6078431372549
1982,Madness,65.0,6,65.6078431372549
1982,Michael Jackson,76.33333333333333,1,65.6078431372549
1982,Prince,58.5,10,65.6078431372549
1982,Steve Winwood,65.0,6,65.6078431372549
1982,Survivor,65.0,6,65.6078431372549
1982,TOTO,65.0,6,65.6078431372549
1982,The Alan Parsons Project,67.0,4,65.6078431372549
1982,The Clash,75.5,2,65.6078431372549
1982,The Psychedelic Furs,64.0,7,65.6078431372549
1982,Whitesnake,60.0,9,65.6078431372549
1983,Billy Joel,77.0,1,69.71212121212122
1983,Culture Club,68.0,7,69.71212121212122
1983,Cyndi Lauper,76.0,2,69.71212121212122
1983,Eurythmics,71.5,4,69.71212121212122
1983,Mötley Crüe,66.0,9,69.71212121212122
1983,Nena,73.0,3,69.71212121212122
1983,Ozzy Osbourne,65.0,10,69.71212121212122
1983,Stevie Ray Vaughan,65.0,10,69.71212121212122
1983,Talking Heads,70.0,5,69.71212121212122
1983,U2,69.0,6,69.71212121212122
1983,ZZ Top,66.33333333333333,8,69.71212121212122
1984,Bon Jovi,69.0,6,68.76388888888889
1984,Chicago,72.0,4,68.76388888888889
1984,Don Henley,76.0,2,68.76388888888889
1984,Foreigner,77.0,1,68.76388888888889
1984,John Waite,69.0,6,68.76388888888889
1984,Leonard Cohen,66.0,7,68.76388888888889
1984,Pat Benatar,66.0,7,68.76388888888889
1984,REO Speedwagon,73.0,3,68.76388888888889
1984,Ratt,63.0,8,68.76388888888889
1984,Steve Perry,62.0,9,68.76388888888889
1984,The Smiths,61.166666666666664,10,68.76388888888889
1984,Twisted Sister,71.0,5,68.76388888888889
1985,DeBarge,64.0,8,67.85
1985,Echo & the Bunnymen,63.0,9,67.85
1985,"Grover Washington, Jr.",66.0,6,67.85
1985,John Parr,68.0,4,67.85
1985,Mr. Mister,65.0,7,67.85
1985,Robert Palmer,67.0,5,67.85
1985,Survivor,70.0,3,67.85
1985,The Jesus and Mary Chain,62.0,10,67.85
1985,The Outfield,70.5,2,67.85
1985,a-ha,83.0,1,67.85
1986,AC/DC,72.0,4,69.43589743589743
1986,Bruce Hornsby,66.0,9,69.43589743589743
1986,Chuck Berry,79.0,1,69.43589743589743
1986,Cutting Crew,71.0,5,69.43589743589743
1986,Cyndi Lauper,68.0,7,69.43589743589743
1986,Eddie Money,67.0,8,69.43589743589743
1986,Europe,68.66666666666667,6,69.43589743589743
1986,Huey Lewis & The News,64.0,10,69.43589743589743
1986,New Order,67.0,8,69.43589743589743
1986,Paul Simon,75.0,2,69.43589743589743
1986,Peter Cetera,64.0,10,69.43589743589743
1986,Prince,73.0,3,69.43589743589743
1986,Run–D.M.C.,68.0,7,69.43589743589743
1987,Aerosmith,70.0,5,69.36363636363636
1987,Eazy-E,64.0,9,69.36363636363636
1987,George Michael,75.0,2,69.36363636363636
1987,Heart,73.0,3,69.36363636363636
1987,Level 42,61.0,10,69.36363636363636
1987,Luis Miguel,77.0,1,69.36363636363636
1987,R.E.M.,65.0,8,69.36363636363636
1987,Rick Astley,66.0,7,69.36363636363636
1987,Sting,71.0,4,69.36363636363636
1987,The Animals,73.0,3,69.36363636363636
1987,Tiffany,68.0,6,69.36363636363636
1988,Bon Jovi,67.0,6,69.08333333333333
1988,Don McLean,71.0,4,69.08333333333333
1988,Erasure,65.5,7,69.08333333333333
1988,Fine Young Cannibals,71.0,4,69.08333333333333
1988,Jane's Addiction,64.0,10,69.08333333333333
1988,Joan Jett & The Blackhearts,67.0,6,69.08333333333333
1988,Luis Miguel,69.66666666666667,5,69.08333333333333
1988,Pixies,74.0,2,69.08333333333333
1988,Poison,64.33333333333333,9,69.08333333333333
1988,Roxette,73.5,3,69.08333333333333
1988,Taylor Dayne,65.0,8,69.08333333333333
1988,Tracy Chapman,77.0,1,69.08333333333333
1989,Alice Cooper,64.5,8,67.72727272727273
1989,Bad English,64.0,9,67.72727272727273
1989,Billy Joel,73.0,2,67.72727272727273
1989,Cher,72.0,3,67.72727272727273
1989,Neil Young,65.0,7,67.72727272727273
1989,Pixies,63.666666666666664,10,67.72727272727273
1989,Ricardo Arjona,68.0,5,67.72727272727273
1989,Richard Marx,75.0,1,67.72727272727273
1989,Skid Row,66.33333333333333,6,67.72727272727273
1989,The B-52's,69.0,4,67.72727272727273
1989,Tom Petty,64.5,8,67.72727272727273
1990,A Tribe Called Quest,69.0,5,67.17857142857143
1990,AC/DC,72.5,2,67.17857142857143
1990,Donny Hathaway,75.0,1,67.17857142857143
1990,Extreme,71.0,4,67.17857142857143
1990,Jerry Rivera,65.0,9,67.17857142857143
1990,Juan Gabriel,72.0,3,67.17857142857143
1990,MC Hammer,71.0,4,67.17857142857143
1990,Maná,68.0,6,67.17857142857143
1990,New Kids On The Block,61.0,10,67.17857142857143
1990,Nick Kamen,61.0,10,67.17857142857143
1990,Poison,61.0,10,67.17857142857143
1990,Queensrÿche,61.0,10,67.17857142857143
1990,Ram Jam,67.0,7,67.17857142857143
1990,The Romantics,66.0,8,67.17857142857143
1991,Alejandra Guzman,66.0,6,66.61558441558442
1991,Bryan Adams,74.0,2,66.61558441558442
1991,Genesis,61.0,10,66.61558441558442
1991,N.W.A.,61.0,10,66.61558441558442
1991,Nirvana,64.57142857142857,7,66.61558441558442
1991,Ozzy Osbourne,69.0,4,66.61558441558442
1991,Pearl Jam,61.2,9,66.61558441558442
1991,Red Hot Chili Peppers,77.0,1,66.61558441558442
1991,Spin Doctors,66.5,5,66.61558441558442
1991,Tom Petty and the Heartbreakers,63.0,8,66.61558441558442
1991,U2,69.5,3,66.61558441558442
1992,Blind Melon,73.0,1,66.80555555555556
1992,Bon Jovi,73.0,1,66.80555555555556
1992,Eric Clapton,73.0,1,66.80555555555556
1992,Go West,61.0,9,66.80555555555556
1992,Jon Secada,62.0,8,66.80555555555556
1992,Kris Kross,66.0,7,66.80555555555556
1992,Maná,60.0,10,66.80555555555556
1992,Megadeth,70.0,4,66.80555555555556
1992,Pantera,72.0,2,66.80555555555556
1992,R.E.M.,73.0,1,66.80555555555556
1992,Rage Against The Machine,67.5,6,66.80555555555556
1992,Redman,62.0,8,66.80555555555556
1992,SNAP!,62.0,8,66.80555555555556
1992,Soul Asylum,68.0,5,66.80555555555556
1992,Sublime,61.0,9,66.80555555555556
1992,The Animals,66.0,7,66.80555555555556
1992,The Cure,71.0,3,66.80555555555556
1992,Tom Cochrane,62.0,8,66.80555555555556
1993,Ace of Base,68.0,3,65.19602272727273
1993,Alejandra Guzman,61.0,9,65.19602272727273
1993,Brownstone,62.0,8,65.19602272727273
1993,Cutting Crew,68.0,3,65.19602272727273
1993,Duran Duran,69.0,2,65.19602272727273
1993,James,64.0,7,65.19602272727273
1993,KRS-One,62.0,8,65.19602272727273
1993,Lenny Kravitz,72.0,1,65.19602272727273
1993,Luis Miguel,68.0,3,65.19602272727273
1993,Naughty By Nature,64.0,7,65.19602272727273
1993,Sheryl Crow,65.0,5,65.19602272727273
1993,Souls Of Mischief,68.0,3,65.19602272727273
1993,Sting,64.5,6,65.19602272727273
1993,The Band,61.0,9,65.19602272727273
1993,Tina Turner,66.0,4,65.19602272727273
1993,Wu-Tang Clan,60.63636363636363,10,65.19602272727273
1994,Beck,68.0,5,68.54444444444445
1994,Boyz II Men,63.0,9,68.54444444444445
1994,Bush,63.0,9,68.54444444444445
1994,Edwyn Collins,63.0,9,68.54444444444445
1994,Green Day,77.0,2,68.54444444444445
1994,Hootie & The Blowfish,68.0,5,68.54444444444445
1994,Ice Cube,69.0,4,68.54444444444445
1994,Mariah Carey,90.0,1,68.54444444444445
1994,Nirvana,66.66666666666667,7,68.54444444444445
1994,Pretenders,69.0,4,68.54444444444445
1994,Sade,66.0,8,68.54444444444445
1994,Stone Temple Pilots,71.0,3,68.54444444444445
1994,TLC,61.5,10,68.54444444444445
1994,The Offspring,67.0,6,68.54444444444445
1994,Tom Petty,66.0,8,68.54444444444445
1995,AC/DC,62.0,10,66.97222222222223
1995,Alanis Morissette,70.0,4,66.97222222222223
1995,Everclear,68.0,5,66.97222222222223
1995,Jewel,65.0,8,66.97222222222223
1995,Luniz,73.0,1,66.97222222222223
1995,Mariah Carey,70.66666666666667,2,66.97222222222223
1995,Meat Loaf,66.0,6,66.97222222222223
1995,Mobb Deep,65.66666666666667,7,66.97222222222223
1995,No Doubt,70.0,4,66.97222222222223
1995,Oasis,70.25,3,66.97222222222223
1995,Pulp,68.0,5,66.97222222222223
1995,Roxette,68.0,5,66.97222222222223
1995,Shakira,63.0,9,66.97222222222223
1995,Stephanie Mills,62.0,10,66.97222222222223
1995,The Pharcyde,63.0,9,66.97222222222223
1996,2Pac,63.07692307692308,9,67.90064102564102
1996,Café Tacvba,70.0,4,67.90064102564102
1996,Dave Matthews Band,66.0,7,67.90064102564102
1996,Kabah,68.0,5,67.90064102564102
1996,Mark Morrison,72.0,3,67.90064102564102
1996,Matchbox Twenty,68.0,5,67.90064102564102
1996,Men At Work,64.0,8,67.90064102564102
1996,Mobb Deep,66.0,7,67.90064102564102
1996,Nas,62.333333333333336,10,67.90064102564102
1996,Oscar D'León,64.0,8,67.90064102564102
1996,Quiet Riot,70.0,4,67.90064102564102
1996,Rage Against The Machine,73.0,2,67.90064102564102
1996,Robert Miles,67.0,6,67.90064102564102
1996,Spice Girls,79.0,1,67.90064102564102
1996,Sublime,64.0,8,67.90064102564102
1996,The Wallflowers,70.0,4,67.90064102564102
1997,2Pac,70.0,6,69.4920634920635
1997,Alejandro Sanz,74.0,2,69.4920634920635
1997,Blur,74.0,2,69.4920634920635
1997,Buena Vista Social Club,67.0,9,69.4920634920635
1997,Daft Punk,70.0,6,69.4920634920635
1997,Edwin McCain,70.0,6,69.4920634920635
1997,Foo Fighters,71.33333333333333,4,69.4920634920635
1997,Green Day,75.0,1,69.4920634920635
1997,Grupo Cañaveral De Humberto Pabón,69.0,7,69.4920634920635
1997,Hanson,65.0,10,69.4920634920635
1997,K-Ci & JoJo,70.0,6,69.4920634920635
1997,Kenny Loggins,71.0,5,69.4920634920635
1997,Maná,72.0,3,69.4920634920635
1997,Marcy Playground,68.0,8,69.4920634920635
1997,Natalie Imbruglia,69.0,7,69.4920634920635
1997,Nick Cave & The Bad Seeds,65.0,10,69.4920634920635
1997,Robbie Williams,70.0,6,69.4920634920635
1997,The Prodigy,65.0,10,69.4920634920635
1997,Third Eye Blind,69.0,7,69.4920634920635
1997,Usher,65.0,10,69.4920634920635
1997,Will Smith,70.0,6,69.4920634920635
1998,Aerosmith,74.5,2,69.28888888888888
1998,Barenaked Ladies,69.0,6,69.28888888888888
1998,Blur,66.0,10,69.28888888888888
1998,Cher,76.0,1,69.28888888888888
1998,David Gray,66.0,10,69.28888888888888
1998,Korn,70.5,4,69.28888888888888
1998,Lenny Kravitz,70.0,5,69.28888888888888
1998,Manu Chao,66.0,10,69.28888888888888
1998,New Radicals,73.0,3,69.28888888888888
1998,Placebo,66.0,10,69.28888888888888
1998,Ricky Martin,68.0,7,69.28888888888888
1998,Robbie Williams,67.0,9,69.28888888888888
1998,Shakira,67.33333333333333,8,69.28888888888888
1998,The Goo Goo Dolls,73.0,3,69.28888888888888
1998,Whitney Houston,67.0,9,69.28888888888888
1999,Berlin,70.0,7,71.84722222222223
1999,Blondie,69.0,8,71.84722222222223
1999,Bonnie Tyler,74.0,3,71.84722222222223
1999,Brian McKnight,71.0,6,71.84722222222223
1999,Christina Aguilera,71.0,6,71.84722222222223
1999,Destiny's Child,71.0,6,71.84722222222223
1999,Dido,68.0,9,71.84722222222223
1999,Foo Fighters,73.0,5,71.84722222222223
1999,Korn,69.0,8,71.84722222222223
1999,Limp Bizkit,71.0,6,71.84722222222223
1999,Lit,70.0,7,71.84722222222223
1999,Lou Bega,76.0,2,71.84722222222223
1999,Macy Gray,71.0,6,71.84722222222223
1999,Pearl Jam,70.0,7,71.84722222222223
1999,Rage Against The Machine,67.5,10,71.84722222222223
1999,Red Hot Chili Peppers,73.75,4,71.84722222222223
1999,Smash Mouth,79.0,1,71.84722222222223
1999,TLC,79.0,1,71.84722222222223
2000,*NSYNC,71.0,4,68.5625
2000,A Perfect Circle,65.0,8,68.5625
2000,Blur,66.0,7,68.5625
2000,Britney Spears,76.0,2,68.5625
2000,Coldplay,76.0,2,68.5625
2000,Disturbed,64.5,9,68.5625
2000,Joe Cocker,66.0,7,68.5625
2000,Linkin Park,78.5,1,68.5625
2000,Matchbox Twenty,64.0,10,68.5625
2000,Nine Days,65.0,8,68.5625
2000,Puerto Rican Power,65.0,8,68.5625
2000,Robbie Williams,68.0,5,68.5625
2000,Spandau Ballet,66.0,7,68.5625
2000,The Beatles,74.0,3,68.5625
2000,The Guess Who,67.0,6,68.5625
2000,Toni Braxton,65.0,8,68.5625
2001,Backstreet Boys,76.0,4,73.875
2001,Billy Joel,69.0,10,73.875
2001,Fat Joe,72.0,7,73.875
2001,John Mayer,77.0,3,73.875
2001,Mary J. Blige,70.0,9,73.875
2001,Nickelback,78.0,2,73.875
2001,P.O.D.,69.0,10,73.875
2001,Papa Roach,79.0,1,73.875
2001,Shakira,71.0,8,73.875
2001,Sum 41,73.5,6,73.875
2001,Train,77.0,3,73.875
2001,Weezer,75.0,5,73.875
2002,3 Doors Down,72.0,5,71.9
2002,Aventura,73.0,4,71.9
2002,Avril Lavigne,77.0,1,71.9
2002,Bacilos,69.0,8,71.9
2002,Coldplay,76.0,2,71.9
2002,Gary Jules,70.0,6,71.9
2002,Good Charlotte,68.0,9,71.9
2002,Juanes,69.5,7,71.9
2002,Justin Timberlake,74.0,3,71.9
2002,Missy Elliott,70.0,6,71.9
2002,Oasis,67.0,10,71.9
2002,Queens of the Stone Age,68.0,9,71.9
2002,Red Hot Chili Peppers,77.0,1,71.9
2002,Robbie Williams,72.0,5,71.9
2002,Vanessa Carlton,76.0,2,71.9
2003,Alicia Keys,69.5,5,69.32352941176471
2003,Beyoncé,70.0,4,69.32352941176471
2003,Britney Spears,78.0,1,69.32352941176471
2003,Café Tacvba,73.0,3,69.32352941176471
2003,Dido,68.0,7,69.32352941176471
2003,Evanescence,68.0,7,69.32352941176471
2003,Fountains Of Wayne,73.0,3,69.32352941176471
2003,Frankie Valli & The Four Seasons,66.0,10,69.32352941176471
2003,Godsmack,67.0,9,69.32352941176471
2003,Howie Day,69.0,6,69.32352941176471
2003,Jet,67.5,8,69.32352941176471
2003,John Mayer,68.0,7,69.32352941176471
2003,Julieta Venegas,67.5,8,69.32352941176471
2003,Monica,67.0,9,69.32352941176471
2003,Staind,66.0,10,69.32352941176471
2003,The Proclaimers,74.0,2,69.32352941176471
2003,The Strokes,67.0,9,69.32352941176471
2004,Avril Lavigne,68.0,10,71.99090909090908
2004,Ciara,69.5,8,71.99090909090908
2004,Franz Ferdinand,71.5,5,71.99090909090908
2004,Green Day,75.0,2,71.99090909090908
2004,Jesse McCartney,72.0,4,71.99090909090908
2004,Keane,75.0,2,71.99090909090908
2004,Mario,70.5,7,71.99090909090908
2004,My Chemical Romance,74.0,3,71.99090909090908
2004,Seether,69.0,9,71.99090909090908
2004,Slipknot,76.0,1,71.99090909090908
2004,The Killers,71.4,6,71.99090909090908
2005,Audioslave,69.0,8,70.97222222222223
2005,Aventura,70.0,7,70.97222222222223
2005,Calle 13,73.0,3,70.97222222222223
2005,Cardenales De Nuevo León,68.0,9,70.97222222222223
2005,Coldplay,71.5,5,70.97222222222223
2005,Disturbed,67.5,10,70.97222222222223
2005,Dropkick Murphys,70.0,7,70.97222222222223
2005,Gorillaz,72.5,4,70.97222222222223
2005,Jack Johnson,73.0,3,70.97222222222223
2005,Keyshia Cole,68.0,9,70.97222222222223
2005,Korn,71.0,6,70.97222222222223
2005,Michael Bublé,70.0,7,70.97222222222223
2005,Shakira,80.0,1,70.97222222222223
2005,Stereophonics,68.0,9,70.97222222222223
2005,System Of A Down,75.0,2,70.97222222222223
2005,The Offspring,71.0,6,70.97222222222223
2005,Thirty Seconds To Mars,71.0,6,70.97222222222223
2005,Weezer,69.0,8,70.97222222222223
2006,AFI,70.0,7,72.328125
2006,Big Boy,71.0,6,72.328125
2006,Cassie,72.0,5,72.328125
2006,Fantasia,68.0,10,72.328125
2006,Fergie,74.0,4,72.328125
2006,Gnarls Barkley,75.0,3,72.328125
2006,Gustavo Cerati,70.0,7,72.328125
2006,Huey Lewis & The News,72.0,5,72.328125
2006,Maná,69.0,8,72.328125
2006,Muse,68.25,9,72.328125
2006,My Chemical Romance,77.5,1,72.328125
2006,P!nk,69.0,8,72.328125
2006,Rascal Flatts,72.0,5,72.328125
2006,Red Hot Chili Peppers,77.5,1,72.328125
2006,Snow Patrol,77.0,2,72.328125
2006,The Killers,75.0,3,72.328125
2007,Alicia Keys,68.0,9,70.74509803921569
2007,Beyoncé,72.0,5,70.74509803921569
2007,Colbie Caillat,71.0,7,70.74509803921569
2007,Eddie Vedder,67.0,10,70.74509803921569
2007,Fall Out Boy,71.5,6,70.74509803921569
2007,Foo Fighters,67.0,10,70.74509803921569
2007,J. Holiday,67.0,10,70.74509803921569
2007,Joe Arroyo,68.0,9,70.74509803921569
2007,Leona Lewis,73.5,4,70.74509803921569
2007,M.I.A.,71.0,7,70.74509803921569
2007,MGMT,74.66666666666667,3,70.74509803921569
2007,Magneto,67.0,10,70.74509803921569
2007,Mario,69.0,8,70.74509803921569
2007,Sara Bareilles,75.0,2,70.74509803921569
2007,Sean Kingston,77.0,1,70.74509803921569
2007,Three Days Grace,72.0,5,70.74509803921569
2007,Timbaland,72.0,5,70.74509803921569
2008,3OH!3,68.0,9,70.92105263157895
2008,Beyoncé,70.0,7,70.92105263157895
2008,Cage The Elephant,70.0,7,70.92105263157895
2008,David Archuleta,70.0,7,70.92105263157895
2008,Disturbed,70.0,7,70.92105263157895
2008,Elvis Crespo,67.0,10,70.92105263157895
2008,Flo Rida,79.0,1,70.92105263157895
2008,James Morrison,70.0,7,70.92105263157895
2008,Jason Mraz,76.5,2,70.92105263157895
2008,John Mayer,74.0,4,70.92105263157895
2008,Joy Division,71.0,6,70.92105263157895
2008,Luis Fonsi,68.0,9,70.92105263157895
2008,Ne-Yo,68.0,9,70.92105263157895
2008,Nickelback,70.0,7,70.92105263157895
2008,Rise Against,70.0,7,70.92105263157895
2008,Spandau Ballet,72.0,5,70.92105263157895
2008,Vampire Weekend,69.0,8,70.92105263157895
2008,Vanilla Ice,70.0,7,70.92105263157895
2008,Zac Brown Band,75.0,3,70.92105263157895
2009,Aventura,71.0,7,72.02941176470588
2009,Brooks & Dunn,68.0,9,72.02941176470588
2009,Carlos Baute,74.0,4,72.02941176470588
2009,Green Day,75.0,2,72.02941176470588
2009,Iyaz,73.0,6,72.02941176470588
2009,La Factoria,69.0,8,72.02941176470588
2009,Luis Enrique,74.0,4,72.02941176470588
2009,Madonna,71.0,7,72.02941176470588
2009,Miley Cyrus,74.33333333333333,3,72.02941176470588
2009,Muse,67.66666666666667,10,72.02941176470588
2009,OneRepublic,73.0,6,72.02941176470588
2009,Owl City,78.0,1,72.02941176470588
2009,Sean Kingston,69.0,8,72.02941176470588
2009,Skillet,73.5,5,72.02941176470588
2009,Stealers Wheel,71.0,7,72.02941176470588
2009,The Fray,74.0,4,72.02941176470588
2009,Toploader,69.0,8,72.02941176470588
2010,Bruno Mars,67.75,9,71.65277777777777
2010,Camila,71.0,5,71.65277777777777
2010,Drake,67.5,10,71.65277777777777
2010,Eminem,82.0,1,71.65277777777777
2010,Far East Movement,68.0,8,71.65277777777777
2010,Flo Rida,72.0,4,71.65277777777777
2010,Gorillaz,75.0,2,71.65277777777777
2010,Inner Circle,70.0,6,71.65277777777777
2010,Jason Derulo,67.5,10,71.65277777777777
2010,Lipps Inc.,70.0,6,71.65277777777777
2010,Neon Trees,68.0,8,71.65277777777777
2010,Nicki Minaj,71.0,5,71.65277777777777
2010,Shakira,71.0,5,71.65277777777777
2010,Taio Cruz,73.0,3,71.65277777777777
2010,The Black Eyed Peas,70.0,6,71.65277777777777
2010,Train,82.0,1,71.65277777777777
2010,Usher,75.0,2,71.65277777777777
2010,Willie Colón,69.0,7,71.65277777777777
2011,Beyoncé,75.0,5,75.54545454545455
2011,Christina Perri,79.0,2,75.54545454545455
2011,Coldplay,77.0,4,75.54545454545455
2011,Eiffel 65,73.0,8,75.54545454545455
2011,Foster The People,83.0,1,75.54545454545455
2011,Grouplove,78.0,3,75.54545454545455
2011,Kelly Clarkson,73.0,8,75.54545454545455
2011,Luke Bryan,72.0,10,75.54545454545455
2011,M83,72.5,9,75.54545454545455
2011,Ricardo Arjona,74.0,7,75.54545454545455
2011,Selena Gomez & The Scene,74.5,6,75.54545454545455
2012,Breakbot,71.0,7,72.20897435897436
2012,Bruno Mars,69.75,10,72.20897435897436
2012,Flo Rida,70.5,8,72.20897435897436
2012,Florida Georgia Line,70.0,9,72.20897435897436
2012,Justin Bieber,72.0,5,72.20897435897436
2012,Linkin Park,72.0,5,72.20897435897436
2012,MKTO,77.0,2,72.20897435897436
2012,Michael Schulte,71.0,7,72.20897435897436
2012,Nicki Minaj,73.0,3,72.20897435897436
2012,One Direction,71.8,6,72.20897435897436
2012,The Lumineers,70.0,9,72.20897435897436
2012,The Script,78.0,1,72.20897435897436
2012,fun.,72.66666666666667,4,72.20897435897436
2013,A$AP Ferg,71.0,8,73.34722222222223
2013,Arctic Monkeys,79.0,2,73.34722222222223
2013,Belinda Carlisle,70.0,9,73.34722222222223
2013,Cage The Elephant,72.0,7,73.34722222222223
2013,Daft Punk,73.75,6,73.34722222222223
2013,Echosmith,70.0,9,73.34722222222223
2013,Foals,70.0,9,73.34722222222223
2013,Idina Menzel,75.0,5,73.34722222222223
2013,James Arthur,76.0,4,73.34722222222223
2013,John Legend,71.0,8,73.34722222222223
2013,Kanye West,75.0,5,73.34722222222223
2013,Marc Anthony,75.0,5,73.34722222222223
2013,Miley Cyrus,76.5,3,73.34722222222223
2013,One Direction,76.0,4,73.34722222222223
2013,Panic! At The Disco,70.0,9,73.34722222222223
2013,Prince Royce,70.0,9,73.34722222222223
2013,The Neighbourhood,81.0,1,73.34722222222223
2013,Yellow Claw,69.0,10,73.34722222222223
2014,A Great Big World,78.0,3,74.84375
2014,Aaron Smith,84.0,1,74.84375
2014,Alex & Sierra,79.0,2,74.84375
2014,Birdy,75.0,5,74.84375
2014,Bobby Shmurda,74.0,6,74.84375
2014,Cyndi Lauper,72.0,9,74.84375
2014,G-Eazy,74.0,6,74.84375
2014,George Ezra,76.0,4,74.84375
2014,J. Cole,72.5,8,74.84375
2014,John Mayer,72.0,9,74.84375
2014,Labrinth,79.0,2,74.84375
2014,Mac DeMarco,73.0,7,74.84375
2014,Rixton,76.0,4,74.84375
2014,Sam Hunt,71.0,10,74.84375
2014,Slipknot,71.0,10,74.84375
2014,Young Money,71.0,10,74.84375
2015,Adele,72.0,8,73.92272727272727
2015,Bryson Tiller,77.0,2,73.92272727272727
2015,Chris Brown,73.0,7,73.92272727272727
2015,Elle King,73.0,7,73.92272727272727
2015,Fifth Harmony,74.0,6,73.92272727272727
2015,G-Eazy,71.5,9,73.92272727272727
2015,Jesse & Joy,71.0,10,73.92272727272727
2015,Joel Adams,76.0,4,73.92272727272727
2015,Kodak Black,71.0,10,73.92272727272727
2015,Little Mix,76.5,3,73.92272727272727
2015,Mac Miller,77.0,2,73.92272727272727
2015,Manuel Medrano,71.0,10,73.92272727272727
2015,Meghan Trainor,71.5,9,73.92272727272727
2015,Mike Stud,73.0,7,73.92272727272727
2015,Pia Mia,74.0,6,73.92272727272727
2015,R. City,73.0,7,73.92272727272727
2015,Ruth B.,76.0,4,73.92272727272727
2015,Sia,71.0,10,73.92272727272727
2015,Snakehips,74.0,6,73.92272727272727
2015,Travis Scott,77.0,2,73.92272727272727
2015,Twenty One Pilots,75.8,5,73.92272727272727
2015,WILLOW,78.0,1,73.92272727272727
2016,21 Savage,74.0,7,75.18
2016,Anuel AA,74.0,7,75.18
2016,Bomba Estéreo,72.0,10,75.18
2016,Bruno Mars,76.0,5,75.18
2016,Burak Yeter,74.0,7,75.18
2016,Chino & Nacho,72.0,10,75.18
2016,Clean Bandit,77.0,4,75.18
2016,DNCE,75.0,6,75.18
2016,Dave,73.0,9,75.18
2016,Enrique Iglesias,72.0,10,75.18
2016,Hippie Sabotage,81.0,2,75.18
2016,Jon Bellion,73.0,9,75.18
2016,Justin Timberlake,76.0,5,75.18
2016,Jósean Log,74.0,7,75.18
2016,Kanye West,73.5,8,75.18
2016,Lil Wayne,77.0,4,75.18
2016,Lukas Graham,79.0,3,75.18
2016,Piso 21,72.0,10,75.18
2016,Post Malone,84.0,1,75.18
2016,Ricky Martin,73.0,9,75.18
2016,Rob $tone,77.0,4,75.18
2016,Skrillex,72.0,10,75.18
2016,Sleeping At Last,72.0,10,75.18
2016,Travis Scott,76.0,5,75.18
2016,Twenty One Pilots,81.0,2,75.18
2017,A$AP Ferg,77.0,6,76.675
2017,BANNERS,74.0,10,76.675
2017,Billie Eilish,77.0,6,76.675
2017,Dennis Lloyd,79.0,2,76.675
2017,Enrique Iglesias,74.0,10,76.675
2017,Foster The People,74.0,10,76.675
2017,Hailee Steinfeld,78.5,3,76.675
2017,James Arthur,76.0,7,76.675
2017,Justin Bieber,76.0,7,76.675
2017,Keala Settle,78.0,4,76.675
2017,Likybo,78.0,4,76.675
2017,Lil Peep,77.5,5,76.675
2017,Lil Skies,76.0,7,76.675
2017,Louis Tomlinson,74.0,10,76.675
2017,Maggie Lindemann,77.0,6,76.675
2017,Ms Nina,78.0,4,76.675
2017,Offset,81.0,1,76.675
2017,Peachy!,78.0,4,76.675
2017,Trippie Redd,75.0,9,76.675
2017,Zac Efron,75.5,8,76.675
2018,Alec Benjamin,80.0,9,83.29411764705883
2018,Anne-Marie,83.0,6,83.29411764705883
2018,Dayvi,83.0,6,83.29411764705883
2018,Dean Lewis,83.0,6,83.29411764705883
2018,John Mayer,80.0,9,83.29411764705883
2018,Kina,85.5,3,83.29411764705883
2018,Lady Gaga,83.0,6,83.29411764705883
2018,Lil Peep,83.0,6,83.29411764705883
2018,Maroon 5,79.33333333333333,10,83.29411764705883
2018,Meek Mill,85.0,4,83.29411764705883
2018,Nio Garcia,80.0,9,83.29411764705883
2018,Pedro Capó,86.0,2,83.29411764705883
2018,Sheck Wes,82.0,7,83.29411764705883
2018,Trevor Daniel,97.0,1,83.29411764705883
2018,XXXTENTACION,83.66666666666667,5,83.29411764705883
2018,YNW Melly,80.5,8,83.29411764705883
2018,Zedd,82.0,7,83.29411764705883
2019,DaBaby,86.6,9,89.17666666666666
2019,Don Toliver,87.5,7,89.17666666666666
2019,Harry Styles,86.16666666666667,10,89.17666666666666
2019,Lil Baby,88.0,6,89.17666666666666
2019,Lizzo,89.0,5,89.17666666666666
2019,Red Velvet,87.0,8,89.17666666666666
2019,Selena Gomez,89.5,4,89.17666666666666
2019,The Weeknd,95.5,1,89.17666666666666
2019,Travis Scott,91.5,2,89.17666666666666
2019,Y2K,91.0,3,89.17666666666666
2020,Dardan,76.0,9,80.9625
2020,Future,93.0,2,80.9625
2020,Hailee Steinfeld,79.0,6,80.9625
2020,Halsey,78.0,7,80.9625
2020,J Balvin,82.0,4,80.9625
2020,Jamule,76.0,9,80.9625
2020,Justin Bieber,95.0,1,80.9625
2020,Khalid,83.0,3,80.9625
2020,Lil Baby,81.0,5,80.9625
2020,Lil Tjay,79.0,6,80.9625
2020,Mac Miller,75.4,10,80.9625
2020,Megan Thee Stallion,77.0,8,80.9625
2020,Myke Towers,79.0,6,80.9625
2020,Nicky Jam,82.0,4,80.9625
2020,Selena Gomez,81.0,5,80.9625
2020,Shakira,79.0,6,80.9625
